Metric,ChatGPT,Claude
All Correct,True,True
Avg Wall Time (ms),0.003,0.002
Avg CPU Time (ms),0.004,0.002
CPU Utilization (%),131.8,147.8
Peak Memory (KB),0.29,0.07
Coverage (%),88.89,90.00
LoC (Total),14,18
LoC (Code),9,10
Estimated Complexity Exponent,1.30,1.28
Decision,"Both correct; Claude is faster (less wall time). Additionally, Both have similar exponents; no clear winner for large inputs.","Both correct; Claude is faster (less wall time). Additionally, Both have similar exponents; no clear winner for large inputs."
